sample_id,p1,p2,p3,p4,p5,type
1,-0.5,-0.5,-0.5,-0.5,-0.5,deterministic
2,-1.0,-1.0,-1.0,-1.0,-1.0,deterministic
3,-1.5,-1.5,-1.5,-1.5,-1.5,deterministic
4,-2.0,-2.0,-2.0,-2.0,-2.0,deterministic
5,-0.5,-0.5,-0.5,-0.5,0.0,deterministic
6,-1.0,-1.0,-1.0,-1.0,0.0,deterministic
7,-1.5,-1.5,-1.5,-1.5,0.0,deterministic
8,-2.0,-2.0,-2.0,-2.0,0.0,deterministic
9,-0.5,-0.5,-0.5,-0.5,0.5,deterministic
10,-1.0,-1.0,-1.0,-1.0,1.0,deterministic
11,-1.5,-1.5,-1.5,-1.5,1.5,deterministic
12,-2.0,-2.0,-2.0,-2.0,2.0,deterministic
13,-0.5,-0.5,-0.5,0.0,-0.5,deterministic
14,-1.0,-1.0,-1.0,0.0,-1.0,deterministic
15,-1.5,-1.5,-1.5,0.0,-1.5,deterministic
16,-2.0,-2.0,-2.0,0.0,-2.0,deterministic
17,-0.5,-0.5,-0.5,0.0,0.0,deterministic
18,-1.0,-1.0,-1.0,0.0,0.0,deterministic
19,-1.5,-1.5,-1.5,0.0,0.0,deterministic
20,-2.0,-2.0,-2.0,0.0,0.0,deterministic
21,-0.5,-0.5,-0.5,0.0,0.5,deterministic
22,-1.0,-1.0,-1.0,0.0,1.0,deterministic
23,-1.5,-1.5,-1.5,0.0,1.5,deterministic
24,-2.0,-2.0,-2.0,0.0,2.0,deterministic
25,-0.5,-0.5,-0.5,0.5,-0.5,deterministic
26,-1.0,-1.0,-1.0,1.0,-1.0,deterministic
27,-1.5,-1.5,-1.5,1.5,-1.5,deterministic
28,-2.0,-2.0,-2.0,2.0,-2.0,deterministic
29,-0.5,-0.5,-0.5,0.5,0.0,deterministic
30,-1.0,-1.0,-1.0,1.0,0.0,deterministic
31,-1.5,-1.5,-1.5,1.5,0.0,deterministic
32,-2.0,-2.0,-2.0,2.0,0.0,deterministic
33,-0.5,-0.5,-0.5,0.5,0.5,deterministic
34,-1.0,-1.0,-1.0,1.0,1.0,deterministic
35,-1.5,-1.5,-1.5,1.5,1.5,deterministic
36,-2.0,-2.0,-2.0,2.0,2.0,deterministic
37,-0.5,-0.5,0.0,-0.5,-0.5,deterministic
38,-1.0,-1.0,0.0,-1.0,-1.0,deterministic
39,-1.5,-1.5,0.0,-1.5,-1.5,deterministic
40,-2.0,-2.0,0.0,-2.0,-2.0,deterministic
41,-0.5,-0.5,0.0,-0.5,0.0,deterministic
42,-1.0,-1.0,0.0,-1.0,0.0,deterministic
43,-1.5,-1.5,0.0,-1.5,0.0,deterministic
44,-2.0,-2.0,0.0,-2.0,0.0,deterministic
45,-0.5,-0.5,0.0,-0.5,0.5,deterministic
46,-1.0,-1.0,0.0,-1.0,1.0,deterministic
47,-1.5,-1.5,0.0,-1.5,1.5,deterministic
48,-2.0,-2.0,0.0,-2.0,2.0,deterministic
49,-0.5,-0.5,0.0,0.0,-0.5,deterministic
50,-1.0,-1.0,0.0,0.0,-1.0,deterministic
51,-1.5,-1.5,0.0,0.0,-1.5,deterministic
52,-2.0,-2.0,0.0,0.0,-2.0,deterministic
53,-0.5,-0.5,0.0,0.0,0.0,deterministic
54,-1.0,-1.0,0.0,0.0,0.0,deterministic
55,-1.5,-1.5,0.0,0.0,0.0,deterministic
56,-2.0,-2.0,0.0,0.0,0.0,deterministic
57,-0.5,-0.5,0.0,0.0,0.5,deterministic
58,-1.0,-1.0,0.0,0.0,1.0,deterministic
59,-1.5,-1.5,0.0,0.0,1.5,deterministic
60,-2.0,-2.0,0.0,0.0,2.0,deterministic
61,-0.5,-0.5,0.0,0.5,-0.5,deterministic
62,-1.0,-1.0,0.0,1.0,-1.0,deterministic
63,-1.5,-1.5,0.0,1.5,-1.5,deterministic
64,-2.0,-2.0,0.0,2.0,-2.0,deterministic
65,-0.5,-0.5,0.0,0.5,0.0,deterministic
66,-1.0,-1.0,0.0,1.0,0.0,deterministic
67,-1.5,-1.5,0.0,1.5,0.0,deterministic
68,-2.0,-2.0,0.0,2.0,0.0,deterministic
69,-0.5,-0.5,0.0,0.5,0.5,deterministic
70,-1.0,-1.0,0.0,1.0,1.0,deterministic
71,-1.5,-1.5,0.0,1.5,1.5,deterministic
72,-2.0,-2.0,0.0,2.0,2.0,deterministic
73,-0.5,-0.5,0.5,-0.5,-0.5,deterministic
74,-1.0,-1.0,1.0,-1.0,-1.0,deterministic
75,-1.5,-1.5,1.5,-1.5,-1.5,deterministic
76,-2.0,-2.0,2.0,-2.0,-2.0,deterministic
77,-0.5,-0.5,0.5,-0.5,0.0,deterministic
78,-1.0,-1.0,1.0,-1.0,0.0,deterministic
79,-1.5,-1.5,1.5,-1.5,0.0,deterministic
80,-2.0,-2.0,2.0,-2.0,0.0,deterministic
81,-0.5,-0.5,0.5,-0.5,0.5,deterministic
82,-1.0,-1.0,1.0,-1.0,1.0,deterministic
83,-1.5,-1.5,1.5,-1.5,1.5,deterministic
84,-2.0,-2.0,2.0,-2.0,2.0,deterministic
85,-0.5,-0.5,0.5,0.0,-0.5,deterministic
86,-1.0,-1.0,1.0,0.0,-1.0,deterministic
87,-1.5,-1.5,1.5,0.0,-1.5,deterministic
88,-2.0,-2.0,2.0,0.0,-2.0,deterministic
89,-0.5,-0.5,0.5,0.0,0.0,deterministic
90,-1.0,-1.0,1.0,0.0,0.0,deterministic
91,-1.5,-1.5,1.5,0.0,0.0,deterministic
92,-2.0,-2.0,2.0,0.0,0.0,deterministic
93,-0.5,-0.5,0.5,0.0,0.5,deterministic
94,-1.0,-1.0,1.0,0.0,1.0,deterministic
95,-1.5,-1.5,1.5,0.0,1.5,deterministic
96,-2.0,-2.0,2.0,0.0,2.0,deterministic
97,-0.5,-0.5,0.5,0.5,-0.5,deterministic
98,-1.0,-1.0,1.0,1.0,-1.0,deterministic
99,-1.5,-1.5,1.5,1.5,-1.5,deterministic
100,-2.0,-2.0,2.0,2.0,-2.0,deterministic
101,-0.5,-0.5,0.5,0.5,0.0,deterministic
102,-1.0,-1.0,1.0,1.0,0.0,deterministic
103,-1.5,-1.5,1.5,1.5,0.0,deterministic
104,-2.0,-2.0,2.0,2.0,0.0,deterministic
105,-0.5,-0.5,0.5,0.5,0.5,deterministic
106,-1.0,-1.0,1.0,1.0,1.0,deterministic
107,-1.5,-1.5,1.5,1.5,1.5,deterministic
108,-2.0,-2.0,2.0,2.0,2.0,deterministic
109,-0.5,0.0,-0.5,-0.5,-0.5,deterministic
110,-1.0,0.0,-1.0,-1.0,-1.0,deterministic
111,-1.5,0.0,-1.5,-1.5,-1.5,deterministic
112,-2.0,0.0,-2.0,-2.0,-2.0,deterministic
113,-0.5,0.0,-0.5,-0.5,0.0,deterministic
114,-1.0,0.0,-1.0,-1.0,0.0,deterministic
115,-1.5,0.0,-1.5,-1.5,0.0,deterministic
116,-2.0,0.0,-2.0,-2.0,0.0,deterministic
117,-0.5,0.0,-0.5,-0.5,0.5,deterministic
118,-1.0,0.0,-1.0,-1.0,1.0,deterministic
119,-1.5,0.0,-1.5,-1.5,1.5,deterministic
120,-2.0,0.0,-2.0,-2.0,2.0,deterministic
121,-0.5,0.0,-0.5,0.0,-0.5,deterministic
122,-1.0,0.0,-1.0,0.0,-1.0,deterministic
123,-1.5,0.0,-1.5,0.0,-1.5,deterministic
124,-2.0,0.0,-2.0,0.0,-2.0,deterministic
125,-0.5,0.0,-0.5,0.0,0.0,deterministic
126,-1.0,0.0,-1.0,0.0,0.0,deterministic
127,-1.5,0.0,-1.5,0.0,0.0,deterministic
128,-2.0,0.0,-2.0,0.0,0.0,deterministic
129,-0.5,0.0,-0.5,0.0,0.5,deterministic
130,-1.0,0.0,-1.0,0.0,1.0,deterministic
131,-1.5,0.0,-1.5,0.0,1.5,deterministic
132,-2.0,0.0,-2.0,0.0,2.0,deterministic
133,-0.5,0.0,-0.5,0.5,-0.5,deterministic
134,-1.0,0.0,-1.0,1.0,-1.0,deterministic
135,-1.5,0.0,-1.5,1.5,-1.5,deterministic
136,-2.0,0.0,-2.0,2.0,-2.0,deterministic
137,-0.5,0.0,-0.5,0.5,0.0,deterministic
138,-1.0,0.0,-1.0,1.0,0.0,deterministic
139,-1.5,0.0,-1.5,1.5,0.0,deterministic
140,-2.0,0.0,-2.0,2.0,0.0,deterministic
141,-0.5,0.0,-0.5,0.5,0.5,deterministic
142,-1.0,0.0,-1.0,1.0,1.0,deterministic
143,-1.5,0.0,-1.5,1.5,1.5,deterministic
144,-2.0,0.0,-2.0,2.0,2.0,deterministic
145,-0.5,0.0,0.0,-0.5,-0.5,deterministic
146,-1.0,0.0,0.0,-1.0,-1.0,deterministic
147,-1.5,0.0,0.0,-1.5,-1.5,deterministic
148,-2.0,0.0,0.0,-2.0,-2.0,deterministic
149,-0.5,0.0,0.0,-0.5,0.0,deterministic
150,-1.0,0.0,0.0,-1.0,0.0,deterministic
151,-1.5,0.0,0.0,-1.5,0.0,deterministic
152,-2.0,0.0,0.0,-2.0,0.0,deterministic
153,-0.5,0.0,0.0,-0.5,0.5,deterministic
154,-1.0,0.0,0.0,-1.0,1.0,deterministic
155,-1.5,0.0,0.0,-1.5,1.5,deterministic
156,-2.0,0.0,0.0,-2.0,2.0,deterministic
157,-0.5,0.0,0.0,0.0,-0.5,deterministic
158,-1.0,0.0,0.0,0.0,-1.0,deterministic
159,-1.5,0.0,0.0,0.0,-1.5,deterministic
160,-2.0,0.0,0.0,0.0,-2.0,deterministic
161,-0.5,0.0,0.0,0.0,0.0,deterministic
162,-1.0,0.0,0.0,0.0,0.0,deterministic
163,-1.5,0.0,0.0,0.0,0.0,deterministic
164,-2.0,0.0,0.0,0.0,0.0,deterministic
165,-0.5,0.0,0.0,0.0,0.5,deterministic
166,-1.0,0.0,0.0,0.0,1.0,deterministic
167,-1.5,0.0,0.0,0.0,1.5,deterministic
168,-2.0,0.0,0.0,0.0,2.0,deterministic
169,-0.5,0.0,0.0,0.5,-0.5,deterministic
170,-1.0,0.0,0.0,1.0,-1.0,deterministic
171,-1.5,0.0,0.0,1.5,-1.5,deterministic
172,-2.0,0.0,0.0,2.0,-2.0,deterministic
173,-0.5,0.0,0.0,0.5,0.0,deterministic
174,-1.0,0.0,0.0,1.0,0.0,deterministic
175,-1.5,0.0,0.0,1.5,0.0,deterministic
176,-2.0,0.0,0.0,2.0,0.0,deterministic
177,-0.5,0.0,0.0,0.5,0.5,deterministic
178,-1.0,0.0,0.0,1.0,1.0,deterministic
179,-1.5,0.0,0.0,1.5,1.5,deterministic
180,-2.0,0.0,0.0,2.0,2.0,deterministic
181,-0.5,0.0,0.5,-0.5,-0.5,deterministic
182,-1.0,0.0,1.0,-1.0,-1.0,deterministic
183,-1.5,0.0,1.5,-1.5,-1.5,deterministic
184,-2.0,0.0,2.0,-2.0,-2.0,deterministic
185,-0.5,0.0,0.5,-0.5,0.0,deterministic
186,-1.0,0.0,1.0,-1.0,0.0,deterministic
187,-1.5,0.0,1.5,-1.5,0.0,deterministic
188,-2.0,0.0,2.0,-2.0,0.0,deterministic
189,-0.5,0.0,0.5,-0.5,0.5,deterministic
190,-1.0,0.0,1.0,-1.0,1.0,deterministic
191,-1.5,0.0,1.5,-1.5,1.5,deterministic
192,-2.0,0.0,2.0,-2.0,2.0,deterministic
193,-0.5,0.0,0.5,0.0,-0.5,deterministic
194,-1.0,0.0,1.0,0.0,-1.0,deterministic
195,-1.5,0.0,1.5,0.0,-1.5,deterministic
196,-2.0,0.0,2.0,0.0,-2.0,deterministic
197,-0.5,0.0,0.5,0.0,0.0,deterministic
198,-1.0,0.0,1.0,0.0,0.0,deterministic
199,-1.5,0.0,1.5,0.0,0.0,deterministic
200,-2.0,0.0,2.0,0.0,0.0,deterministic
201,-0.5,0.0,0.5,0.0,0.5,deterministic
202,-1.0,0.0,1.0,0.0,1.0,deterministic
203,-1.5,0.0,1.5,0.0,1.5,deterministic
204,-2.0,0.0,2.0,0.0,2.0,deterministic
205,-0.5,0.0,0.5,0.5,-0.5,deterministic
206,-1.0,0.0,1.0,1.0,-1.0,deterministic
207,-1.5,0.0,1.5,1.5,-1.5,deterministic
208,-2.0,0.0,2.0,2.0,-2.0,deterministic
209,-0.5,0.0,0.5,0.5,0.0,deterministic
210,-1.0,0.0,1.0,1.0,0.0,deterministic
211,-1.5,0.0,1.5,1.5,0.0,deterministic
212,-2.0,0.0,2.0,2.0,0.0,deterministic
213,-0.5,0.0,0.5,0.5,0.5,deterministic
214,-1.0,0.0,1.0,1.0,1.0,deterministic
215,-1.5,0.0,1.5,1.5,1.5,deterministic
216,-2.0,0.0,2.0,2.0,2.0,deterministic
217,-0.5,0.5,-0.5,-0.5,-0.5,deterministic
218,-1.0,1.0,-1.0,-1.0,-1.0,deterministic
219,-1.5,1.5,-1.5,-1.5,-1.5,deterministic
220,-2.0,2.0,-2.0,-2.0,-2.0,deterministic
221,-0.5,0.5,-0.5,-0.5,0.0,deterministic
222,-1.0,1.0,-1.0,-1.0,0.0,deterministic
223,-1.5,1.5,-1.5,-1.5,0.0,deterministic
224,-2.0,2.0,-2.0,-2.0,0.0,deterministic
225,-0.5,0.5,-0.5,-0.5,0.5,deterministic
226,-1.0,1.0,-1.0,-1.0,1.0,deterministic
227,-1.5,1.5,-1.5,-1.5,1.5,deterministic
228,-2.0,2.0,-2.0,-2.0,2.0,deterministic
229,-0.5,0.5,-0.5,0.0,-0.5,deterministic
230,-1.0,1.0,-1.0,0.0,-1.0,deterministic
231,-1.5,1.5,-1.5,0.0,-1.5,deterministic
232,-2.0,2.0,-2.0,0.0,-2.0,deterministic
233,-0.5,0.5,-0.5,0.0,0.0,deterministic
234,-1.0,1.0,-1.0,0.0,0.0,deterministic
235,-1.5,1.5,-1.5,0.0,0.0,deterministic
236,-2.0,2.0,-2.0,0.0,0.0,deterministic
237,-0.5,0.5,-0.5,0.0,0.5,deterministic
238,-1.0,1.0,-1.0,0.0,1.0,deterministic
239,-1.5,1.5,-1.5,0.0,1.5,deterministic
240,-2.0,2.0,-2.0,0.0,2.0,deterministic
241,-0.5,0.5,-0.5,0.5,-0.5,deterministic
242,-1.0,1.0,-1.0,1.0,-1.0,deterministic
243,-1.5,1.5,-1.5,1.5,-1.5,deterministic
244,-2.0,2.0,-2.0,2.0,-2.0,deterministic
245,-0.5,0.5,-0.5,0.5,0.0,deterministic
246,-1.0,1.0,-1.0,1.0,0.0,deterministic
247,-1.5,1.5,-1.5,1.5,0.0,deterministic
248,-2.0,2.0,-2.0,2.0,0.0,deterministic
249,-0.5,0.5,-0.5,0.5,0.5,deterministic
250,-1.0,1.0,-1.0,1.0,1.0,deterministic
251,-1.5,1.5,-1.5,1.5,1.5,deterministic
252,-2.0,2.0,-2.0,2.0,2.0,deterministic
253,-0.5,0.5,0.0,-0.5,-0.5,deterministic
254,-1.0,1.0,0.0,-1.0,-1.0,deterministic
255,-1.5,1.5,0.0,-1.5,-1.5,deterministic
256,-2.0,2.0,0.0,-2.0,-2.0,deterministic
257,-0.5,0.5,0.0,-0.5,0.0,deterministic
258,-1.0,1.0,0.0,-1.0,0.0,deterministic
259,-1.5,1.5,0.0,-1.5,0.0,deterministic
260,-2.0,2.0,0.0,-2.0,0.0,deterministic
261,-0.5,0.5,0.0,-0.5,0.5,deterministic
262,-1.0,1.0,0.0,-1.0,1.0,deterministic
263,-1.5,1.5,0.0,-1.5,1.5,deterministic
264,-2.0,2.0,0.0,-2.0,2.0,deterministic
265,-0.5,0.5,0.0,0.0,-0.5,deterministic
266,-1.0,1.0,0.0,0.0,-1.0,deterministic
267,-1.5,1.5,0.0,0.0,-1.5,deterministic
268,-2.0,2.0,0.0,0.0,-2.0,deterministic
269,-0.5,0.5,0.0,0.0,0.0,deterministic
270,-1.0,1.0,0.0,0.0,0.0,deterministic
271,-1.5,1.5,0.0,0.0,0.0,deterministic
272,-2.0,2.0,0.0,0.0,0.0,deterministic
273,-0.5,0.5,0.0,0.0,0.5,deterministic
274,-1.0,1.0,0.0,0.0,1.0,deterministic
275,-1.5,1.5,0.0,0.0,1.5,deterministic
276,-2.0,2.0,0.0,0.0,2.0,deterministic
277,-0.5,0.5,0.0,0.5,-0.5,deterministic
278,-1.0,1.0,0.0,1.0,-1.0,deterministic
279,-1.5,1.5,0.0,1.5,-1.5,deterministic
280,-2.0,2.0,0.0,2.0,-2.0,deterministic
281,-0.5,0.5,0.0,0.5,0.0,deterministic
282,-1.0,1.0,0.0,1.0,0.0,deterministic
283,-1.5,1.5,0.0,1.5,0.0,deterministic
284,-2.0,2.0,0.0,2.0,0.0,deterministic
285,-0.5,0.5,0.0,0.5,0.5,deterministic
286,-1.0,1.0,0.0,1.0,1.0,deterministic
287,-1.5,1.5,0.0,1.5,1.5,deterministic
288,-2.0,2.0,0.0,2.0,2.0,deterministic
289,-0.5,0.5,0.5,-0.5,-0.5,deterministic
290,-1.0,1.0,1.0,-1.0,-1.0,deterministic
291,-1.5,1.5,1.5,-1.5,-1.5,deterministic
292,-2.0,2.0,2.0,-2.0,-2.0,deterministic
293,-0.5,0.5,0.5,-0.5,0.0,deterministic
294,-1.0,1.0,1.0,-1.0,0.0,deterministic
295,-1.5,1.5,1.5,-1.5,0.0,deterministic
296,-2.0,2.0,2.0,-2.0,0.0,deterministic
297,-0.5,0.5,0.5,-0.5,0.5,deterministic
298,-1.0,1.0,1.0,-1.0,1.0,deterministic
299,-1.5,1.5,1.5,-1.5,1.5,deterministic
300,-2.0,2.0,2.0,-2.0,2.0,deterministic
301,-0.5,0.5,0.5,0.0,-0.5,deterministic
302,-1.0,1.0,1.0,0.0,-1.0,deterministic
303,-1.5,1.5,1.5,0.0,-1.5,deterministic
304,-2.0,2.0,2.0,0.0,-2.0,deterministic
305,-0.5,0.5,0.5,0.0,0.0,deterministic
306,-1.0,1.0,1.0,0.0,0.0,deterministic
307,-1.5,1.5,1.5,0.0,0.0,deterministic
308,-2.0,2.0,2.0,0.0,0.0,deterministic
309,-0.5,0.5,0.5,0.0,0.5,deterministic
310,-1.0,1.0,1.0,0.0,1.0,deterministic
311,-1.5,1.5,1.5,0.0,1.5,deterministic
312,-2.0,2.0,2.0,0.0,2.0,deterministic
313,-0.5,0.5,0.5,0.5,-0.5,deterministic
314,-1.0,1.0,1.0,1.0,-1.0,deterministic
315,-1.5,1.5,1.5,1.5,-1.5,deterministic
316,-2.0,2.0,2.0,2.0,-2.0,deterministic
317,-0.5,0.5,0.5,0.5,0.0,deterministic
318,-1.0,1.0,1.0,1.0,0.0,deterministic
319,-1.5,1.5,1.5,1.5,0.0,deterministic
320,-2.0,2.0,2.0,2.0,0.0,deterministic
321,-0.5,0.5,0.5,0.5,0.5,deterministic
322,-1.0,1.0,1.0,1.0,1.0,deterministic
323,-1.5,1.5,1.5,1.5,1.5,deterministic
324,-2.0,2.0,2.0,2.0,2.0,deterministic
325,0.0,-0.5,-0.5,-0.5,-0.5,deterministic
326,0.0,-1.0,-1.0,-1.0,-1.0,deterministic
327,0.0,-1.5,-1.5,-1.5,-1.5,deterministic
328,0.0,-2.0,-2.0,-2.0,-2.0,deterministic
329,0.0,-0.5,-0.5,-0.5,0.0,deterministic
330,0.0,-1.0,-1.0,-1.0,0.0,deterministic
331,0.0,-1.5,-1.5,-1.5,0.0,deterministic
332,0.0,-2.0,-2.0,-2.0,0.0,deterministic
333,0.0,-0.5,-0.5,-0.5,0.5,deterministic
334,0.0,-1.0,-1.0,-1.0,1.0,deterministic
335,0.0,-1.5,-1.5,-1.5,1.5,deterministic
336,0.0,-2.0,-2.0,-2.0,2.0,deterministic
337,0.0,-0.5,-0.5,0.0,-0.5,deterministic
338,0.0,-1.0,-1.0,0.0,-1.0,deterministic
339,0.0,-1.5,-1.5,0.0,-1.5,deterministic
340,0.0,-2.0,-2.0,0.0,-2.0,deterministic
341,0.0,-0.5,-0.5,0.0,0.0,deterministic
342,0.0,-1.0,-1.0,0.0,0.0,deterministic
343,0.0,-1.5,-1.5,0.0,0.0,deterministic
344,0.0,-2.0,-2.0,0.0,0.0,deterministic
345,0.0,-0.5,-0.5,0.0,0.5,deterministic
346,0.0,-1.0,-1.0,0.0,1.0,deterministic
347,0.0,-1.5,-1.5,0.0,1.5,deterministic
348,0.0,-2.0,-2.0,0.0,2.0,deterministic
349,0.0,-0.5,-0.5,0.5,-0.5,deterministic
350,0.0,-1.0,-1.0,1.0,-1.0,deterministic
351,0.0,-1.5,-1.5,1.5,-1.5,deterministic
352,0.0,-2.0,-2.0,2.0,-2.0,deterministic
353,0.0,-0.5,-0.5,0.5,0.0,deterministic
354,0.0,-1.0,-1.0,1.0,0.0,deterministic
355,0.0,-1.5,-1.5,1.5,0.0,deterministic
356,0.0,-2.0,-2.0,2.0,0.0,deterministic
357,0.0,-0.5,-0.5,0.5,0.5,deterministic
358,0.0,-1.0,-1.0,1.0,1.0,deterministic
359,0.0,-1.5,-1.5,1.5,1.5,deterministic
360,0.0,-2.0,-2.0,2.0,2.0,deterministic
361,0.0,-0.5,0.0,-0.5,-0.5,deterministic
362,0.0,-1.0,0.0,-1.0,-1.0,deterministic
363,0.0,-1.5,0.0,-1.5,-1.5,deterministic
364,0.0,-2.0,0.0,-2.0,-2.0,deterministic
365,0.0,-0.5,0.0,-0.5,0.0,deterministic
366,0.0,-1.0,0.0,-1.0,0.0,deterministic
367,0.0,-1.5,0.0,-1.5,0.0,deterministic
368,0.0,-2.0,0.0,-2.0,0.0,deterministic
369,0.0,-0.5,0.0,-0.5,0.5,deterministic
370,0.0,-1.0,0.0,-1.0,1.0,deterministic
371,0.0,-1.5,0.0,-1.5,1.5,deterministic
372,0.0,-2.0,0.0,-2.0,2.0,deterministic
373,0.0,-0.5,0.0,0.0,-0.5,deterministic
374,0.0,-1.0,0.0,0.0,-1.0,deterministic
375,0.0,-1.5,0.0,0.0,-1.5,deterministic
376,0.0,-2.0,0.0,0.0,-2.0,deterministic
377,0.0,-0.5,0.0,0.0,0.0,deterministic
378,0.0,-1.0,0.0,0.0,0.0,deterministic
379,0.0,-1.5,0.0,0.0,0.0,deterministic
380,0.0,-2.0,0.0,0.0,0.0,deterministic
381,0.0,-0.5,0.0,0.0,0.5,deterministic
382,0.0,-1.0,0.0,0.0,1.0,deterministic
383,0.0,-1.5,0.0,0.0,1.5,deterministic
384,0.0,-2.0,0.0,0.0,2.0,deterministic
385,0.0,-0.5,0.0,0.5,-0.5,deterministic
386,0.0,-1.0,0.0,1.0,-1.0,deterministic
387,0.0,-1.5,0.0,1.5,-1.5,deterministic
388,0.0,-2.0,0.0,2.0,-2.0,deterministic
389,0.0,-0.5,0.0,0.5,0.0,deterministic
390,0.0,-1.0,0.0,1.0,0.0,deterministic
391,0.0,-1.5,0.0,1.5,0.0,deterministic
392,0.0,-2.0,0.0,2.0,0.0,deterministic
393,0.0,-0.5,0.0,0.5,0.5,deterministic
394,0.0,-1.0,0.0,1.0,1.0,deterministic
395,0.0,-1.5,0.0,1.5,1.5,deterministic
396,0.0,-2.0,0.0,2.0,2.0,deterministic
397,0.0,-0.5,0.5,-0.5,-0.5,deterministic
398,0.0,-1.0,1.0,-1.0,-1.0,deterministic
399,0.0,-1.5,1.5,-1.5,-1.5,deterministic
400,0.0,-2.0,2.0,-2.0,-2.0,deterministic
401,0.0,-0.5,0.5,-0.5,0.0,deterministic
402,0.0,-1.0,1.0,-1.0,0.0,deterministic
403,0.0,-1.5,1.5,-1.5,0.0,deterministic
404,0.0,-2.0,2.0,-2.0,0.0,deterministic
405,0.0,-0.5,0.5,-0.5,0.5,deterministic
406,0.0,-1.0,1.0,-1.0,1.0,deterministic
407,0.0,-1.5,1.5,-1.5,1.5,deterministic
408,0.0,-2.0,2.0,-2.0,2.0,deterministic
409,0.0,-0.5,0.5,0.0,-0.5,deterministic
410,0.0,-1.0,1.0,0.0,-1.0,deterministic
411,0.0,-1.5,1.5,0.0,-1.5,deterministic
412,0.0,-2.0,2.0,0.0,-2.0,deterministic
413,0.0,-0.5,0.5,0.0,0.0,deterministic
414,0.0,-1.0,1.0,0.0,0.0,deterministic
415,0.0,-1.5,1.5,0.0,0.0,deterministic
416,0.0,-2.0,2.0,0.0,0.0,deterministic
417,0.0,-0.5,0.5,0.0,0.5,deterministic
418,0.0,-1.0,1.0,0.0,1.0,deterministic
419,0.0,-1.5,1.5,0.0,1.5,deterministic
420,0.0,-2.0,2.0,0.0,2.0,deterministic
421,0.0,-0.5,0.5,0.5,-0.5,deterministic
422,0.0,-1.0,1.0,1.0,-1.0,deterministic
423,0.0,-1.5,1.5,1.5,-1.5,deterministic
424,0.0,-2.0,2.0,2.0,-2.0,deterministic
425,0.0,-0.5,0.5,0.5,0.0,deterministic
426,0.0,-1.0,1.0,1.0,0.0,deterministic
427,0.0,-1.5,1.5,1.5,0.0,deterministic
428,0.0,-2.0,2.0,2.0,0.0,deterministic
429,0.0,-0.5,0.5,0.5,0.5,deterministic
430,0.0,-1.0,1.0,1.0,1.0,deterministic
431,0.0,-1.5,1.5,1.5,1.5,deterministic
432,0.0,-2.0,2.0,2.0,2.0,deterministic
433,0.0,0.0,-0.5,-0.5,-0.5,deterministic
434,0.0,0.0,-1.0,-1.0,-1.0,deterministic
435,0.0,0.0,-1.5,-1.5,-1.5,deterministic
436,0.0,0.0,-2.0,-2.0,-2.0,deterministic
437,0.0,0.0,-0.5,-0.5,0.0,deterministic
438,0.0,0.0,-1.0,-1.0,0.0,deterministic
439,0.0,0.0,-1.5,-1.5,0.0,deterministic
440,0.0,0.0,-2.0,-2.0,0.0,deterministic
441,0.0,0.0,-0.5,-0.5,0.5,deterministic
442,0.0,0.0,-1.0,-1.0,1.0,deterministic
443,0.0,0.0,-1.5,-1.5,1.5,deterministic
444,0.0,0.0,-2.0,-2.0,2.0,deterministic
445,0.0,0.0,-0.5,0.0,-0.5,deterministic
446,0.0,0.0,-1.0,0.0,-1.0,deterministic
447,0.0,0.0,-1.5,0.0,-1.5,deterministic
448,0.0,0.0,-2.0,0.0,-2.0,deterministic
449,0.0,0.0,-0.5,0.0,0.0,deterministic
450,0.0,0.0,-1.0,0.0,0.0,deterministic
451,0.0,0.0,-1.5,0.0,0.0,deterministic
452,0.0,0.0,-2.0,0.0,0.0,deterministic
453,0.0,0.0,-0.5,0.0,0.5,deterministic
454,0.0,0.0,-1.0,0.0,1.0,deterministic
455,0.0,0.0,-1.5,0.0,1.5,deterministic
456,0.0,0.0,-2.0,0.0,2.0,deterministic
457,0.0,0.0,-0.5,0.5,-0.5,deterministic
458,0.0,0.0,-1.0,1.0,-1.0,deterministic
459,0.0,0.0,-1.5,1.5,-1.5,deterministic
460,0.0,0.0,-2.0,2.0,-2.0,deterministic
461,0.0,0.0,-0.5,0.5,0.0,deterministic
462,0.0,0.0,-1.0,1.0,0.0,deterministic
463,0.0,0.0,-1.5,1.5,0.0,deterministic
464,0.0,0.0,-2.0,2.0,0.0,deterministic
465,0.0,0.0,-0.5,0.5,0.5,deterministic
466,0.0,0.0,-1.0,1.0,1.0,deterministic
467,0.0,0.0,-1.5,1.5,1.5,deterministic
468,0.0,0.0,-2.0,2.0,2.0,deterministic
469,0.0,0.0,0.0,-0.5,-0.5,deterministic
470,0.0,0.0,0.0,-1.0,-1.0,deterministic
471,0.0,0.0,0.0,-1.5,-1.5,deterministic
472,0.0,0.0,0.0,-2.0,-2.0,deterministic
473,0.0,0.0,0.0,-0.5,0.0,deterministic
474,0.0,0.0,0.0,-1.0,0.0,deterministic
475,0.0,0.0,0.0,-1.5,0.0,deterministic
476,0.0,0.0,0.0,-2.0,0.0,deterministic
477,0.0,0.0,0.0,-0.5,0.5,deterministic
478,0.0,0.0,0.0,-1.0,1.0,deterministic
479,0.0,0.0,0.0,-1.5,1.5,deterministic
480,0.0,0.0,0.0,-2.0,2.0,deterministic
481,0.0,0.0,0.0,0.0,-0.5,deterministic
482,0.0,0.0,0.0,0.0,-1.0,deterministic
483,0.0,0.0,0.0,0.0,-1.5,deterministic
484,0.0,0.0,0.0,0.0,-2.0,deterministic
485,0.0,0.0,0.0,0.0,0.0,deterministic
486,0.0,0.0,0.0,0.0,0.0,deterministic
487,0.0,0.0,0.0,0.0,0.0,deterministic
488,0.0,0.0,0.0,0.0,0.0,deterministic
489,0.0,0.0,0.0,0.0,0.5,deterministic
490,0.0,0.0,0.0,0.0,1.0,deterministic
491,0.0,0.0,0.0,0.0,1.5,deterministic
492,0.0,0.0,0.0,0.0,2.0,deterministic
493,0.0,0.0,0.0,0.5,-0.5,deterministic
494,0.0,0.0,0.0,1.0,-1.0,deterministic
495,0.0,0.0,0.0,1.5,-1.5,deterministic
496,0.0,0.0,0.0,2.0,-2.0,deterministic
497,0.0,0.0,0.0,0.5,0.0,deterministic
498,0.0,0.0,0.0,1.0,0.0,deterministic
499,0.0,0.0,0.0,1.5,0.0,deterministic
500,0.0,0.0,0.0,2.0,0.0,deterministic
501,0.0,0.0,0.0,0.5,0.5,deterministic
502,0.0,0.0,0.0,1.0,1.0,deterministic
503,0.0,0.0,0.0,1.5,1.5,deterministic
504,0.0,0.0,0.0,2.0,2.0,deterministic
505,0.0,0.0,0.5,-0.5,-0.5,deterministic
506,0.0,0.0,1.0,-1.0,-1.0,deterministic
507,0.0,0.0,1.5,-1.5,-1.5,deterministic
508,0.0,0.0,2.0,-2.0,-2.0,deterministic
509,0.0,0.0,0.5,-0.5,0.0,deterministic
510,0.0,0.0,1.0,-1.0,0.0,deterministic
511,0.0,0.0,1.5,-1.5,0.0,deterministic
512,0.0,0.0,2.0,-2.0,0.0,deterministic
513,0.0,0.0,0.5,-0.5,0.5,deterministic
514,0.0,0.0,1.0,-1.0,1.0,deterministic
515,0.0,0.0,1.5,-1.5,1.5,deterministic
516,0.0,0.0,2.0,-2.0,2.0,deterministic
517,0.0,0.0,0.5,0.0,-0.5,deterministic
518,0.0,0.0,1.0,0.0,-1.0,deterministic
519,0.0,0.0,1.5,0.0,-1.5,deterministic
520,0.0,0.0,2.0,0.0,-2.0,deterministic
521,0.0,0.0,0.5,0.0,0.0,deterministic
522,0.0,0.0,1.0,0.0,0.0,deterministic
523,0.0,0.0,1.5,0.0,0.0,deterministic
524,0.0,0.0,2.0,0.0,0.0,deterministic
525,0.0,0.0,0.5,0.0,0.5,deterministic
526,0.0,0.0,1.0,0.0,1.0,deterministic
527,0.0,0.0,1.5,0.0,1.5,deterministic
528,0.0,0.0,2.0,0.0,2.0,deterministic
529,0.0,0.0,0.5,0.5,-0.5,deterministic
530,0.0,0.0,1.0,1.0,-1.0,deterministic
531,0.0,0.0,1.5,1.5,-1.5,deterministic
532,0.0,0.0,2.0,2.0,-2.0,deterministic
533,0.0,0.0,0.5,0.5,0.0,deterministic
534,0.0,0.0,1.0,1.0,0.0,deterministic
535,0.0,0.0,1.5,1.5,0.0,deterministic
536,0.0,0.0,2.0,2.0,0.0,deterministic
537,0.0,0.0,0.5,0.5,0.5,deterministic
538,0.0,0.0,1.0,1.0,1.0,deterministic
539,0.0,0.0,1.5,1.5,1.5,deterministic
540,0.0,0.0,2.0,2.0,2.0,deterministic
541,0.0,0.5,-0.5,-0.5,-0.5,deterministic
542,0.0,1.0,-1.0,-1.0,-1.0,deterministic
543,0.0,1.5,-1.5,-1.5,-1.5,deterministic
544,0.0,2.0,-2.0,-2.0,-2.0,deterministic
545,0.0,0.5,-0.5,-0.5,0.0,deterministic
546,0.0,1.0,-1.0,-1.0,0.0,deterministic
547,0.0,1.5,-1.5,-1.5,0.0,deterministic
548,0.0,2.0,-2.0,-2.0,0.0,deterministic
549,0.0,0.5,-0.5,-0.5,0.5,deterministic
550,0.0,1.0,-1.0,-1.0,1.0,deterministic
551,0.0,1.5,-1.5,-1.5,1.5,deterministic
552,0.0,2.0,-2.0,-2.0,2.0,deterministic
553,0.0,0.5,-0.5,0.0,-0.5,deterministic
554,0.0,1.0,-1.0,0.0,-1.0,deterministic
555,0.0,1.5,-1.5,0.0,-1.5,deterministic
556,0.0,2.0,-2.0,0.0,-2.0,deterministic
557,0.0,0.5,-0.5,0.0,0.0,deterministic
558,0.0,1.0,-1.0,0.0,0.0,deterministic
559,0.0,1.5,-1.5,0.0,0.0,deterministic
560,0.0,2.0,-2.0,0.0,0.0,deterministic
561,0.0,0.5,-0.5,0.0,0.5,deterministic
562,0.0,1.0,-1.0,0.0,1.0,deterministic
563,0.0,1.5,-1.5,0.0,1.5,deterministic
564,0.0,2.0,-2.0,0.0,2.0,deterministic
565,0.0,0.5,-0.5,0.5,-0.5,deterministic
566,0.0,1.0,-1.0,1.0,-1.0,deterministic
567,0.0,1.5,-1.5,1.5,-1.5,deterministic
568,0.0,2.0,-2.0,2.0,-2.0,deterministic
569,0.0,0.5,-0.5,0.5,0.0,deterministic
570,0.0,1.0,-1.0,1.0,0.0,deterministic
571,0.0,1.5,-1.5,1.5,0.0,deterministic
572,0.0,2.0,-2.0,2.0,0.0,deterministic
573,0.0,0.5,-0.5,0.5,0.5,deterministic
574,0.0,1.0,-1.0,1.0,1.0,deterministic
575,0.0,1.5,-1.5,1.5,1.5,deterministic
576,0.0,2.0,-2.0,2.0,2.0,deterministic
577,0.0,0.5,0.0,-0.5,-0.5,deterministic
578,0.0,1.0,0.0,-1.0,-1.0,deterministic
579,0.0,1.5,0.0,-1.5,-1.5,deterministic
580,0.0,2.0,0.0,-2.0,-2.0,deterministic
581,0.0,0.5,0.0,-0.5,0.0,deterministic
582,0.0,1.0,0.0,-1.0,0.0,deterministic
583,0.0,1.5,0.0,-1.5,0.0,deterministic
584,0.0,2.0,0.0,-2.0,0.0,deterministic
585,0.0,0.5,0.0,-0.5,0.5,deterministic
586,0.0,1.0,0.0,-1.0,1.0,deterministic
587,0.0,1.5,0.0,-1.5,1.5,deterministic
588,0.0,2.0,0.0,-2.0,2.0,deterministic
589,0.0,0.5,0.0,0.0,-0.5,deterministic
590,0.0,1.0,0.0,0.0,-1.0,deterministic
591,0.0,1.5,0.0,0.0,-1.5,deterministic
592,0.0,2.0,0.0,0.0,-2.0,deterministic
593,0.0,0.5,0.0,0.0,0.0,deterministic
594,0.0,1.0,0.0,0.0,0.0,deterministic
595,0.0,1.5,0.0,0.0,0.0,deterministic
596,0.0,2.0,0.0,0.0,0.0,deterministic
597,0.0,0.5,0.0,0.0,0.5,deterministic
598,0.0,1.0,0.0,0.0,1.0,deterministic
599,0.0,1.5,0.0,0.0,1.5,deterministic
600,0.0,2.0,0.0,0.0,2.0,deterministic
601,0.0,0.5,0.0,0.5,-0.5,deterministic
602,0.0,1.0,0.0,1.0,-1.0,deterministic
603,0.0,1.5,0.0,1.5,-1.5,deterministic
604,0.0,2.0,0.0,2.0,-2.0,deterministic
605,0.0,0.5,0.0,0.5,0.0,deterministic
606,0.0,1.0,0.0,1.0,0.0,deterministic
607,0.0,1.5,0.0,1.5,0.0,deterministic
608,0.0,2.0,0.0,2.0,0.0,deterministic
609,0.0,0.5,0.0,0.5,0.5,deterministic
610,0.0,1.0,0.0,1.0,1.0,deterministic
611,0.0,1.5,0.0,1.5,1.5,deterministic
612,0.0,2.0,0.0,2.0,2.0,deterministic
613,0.0,0.5,0.5,-0.5,-0.5,deterministic
614,0.0,1.0,1.0,-1.0,-1.0,deterministic
615,0.0,1.5,1.5,-1.5,-1.5,deterministic
616,0.0,2.0,2.0,-2.0,-2.0,deterministic
617,0.0,0.5,0.5,-0.5,0.0,deterministic
618,0.0,1.0,1.0,-1.0,0.0,deterministic
619,0.0,1.5,1.5,-1.5,0.0,deterministic
620,0.0,2.0,2.0,-2.0,0.0,deterministic
621,0.0,0.5,0.5,-0.5,0.5,deterministic
622,0.0,1.0,1.0,-1.0,1.0,deterministic
623,0.0,1.5,1.5,-1.5,1.5,deterministic
624,0.0,2.0,2.0,-2.0,2.0,deterministic
625,0.0,0.5,0.5,0.0,-0.5,deterministic
626,0.0,1.0,1.0,0.0,-1.0,deterministic
627,0.0,1.5,1.5,0.0,-1.5,deterministic
628,0.0,2.0,2.0,0.0,-2.0,deterministic
629,0.0,0.5,0.5,0.0,0.0,deterministic
630,0.0,1.0,1.0,0.0,0.0,deterministic
631,0.0,1.5,1.5,0.0,0.0,deterministic
632,0.0,2.0,2.0,0.0,0.0,deterministic
633,0.0,0.5,0.5,0.0,0.5,deterministic
634,0.0,1.0,1.0,0.0,1.0,deterministic
635,0.0,1.5,1.5,0.0,1.5,deterministic
636,0.0,2.0,2.0,0.0,2.0,deterministic
637,0.0,0.5,0.5,0.5,-0.5,deterministic
638,0.0,1.0,1.0,1.0,-1.0,deterministic
639,0.0,1.5,1.5,1.5,-1.5,deterministic
640,0.0,2.0,2.0,2.0,-2.0,deterministic
641,0.0,0.5,0.5,0.5,0.0,deterministic
642,0.0,1.0,1.0,1.0,0.0,deterministic
643,0.0,1.5,1.5,1.5,0.0,deterministic
644,0.0,2.0,2.0,2.0,0.0,deterministic
645,0.0,0.5,0.5,0.5,0.5,deterministic
646,0.0,1.0,1.0,1.0,1.0,deterministic
647,0.0,1.5,1.5,1.5,1.5,deterministic
648,0.0,2.0,2.0,2.0,2.0,deterministic
649,0.5,-0.5,-0.5,-0.5,-0.5,deterministic
650,1.0,-1.0,-1.0,-1.0,-1.0,deterministic
651,1.5,-1.5,-1.5,-1.5,-1.5,deterministic
652,2.0,-2.0,-2.0,-2.0,-2.0,deterministic
653,0.5,-0.5,-0.5,-0.5,0.0,deterministic
654,1.0,-1.0,-1.0,-1.0,0.0,deterministic
655,1.5,-1.5,-1.5,-1.5,0.0,deterministic
656,2.0,-2.0,-2.0,-2.0,0.0,deterministic
657,0.5,-0.5,-0.5,-0.5,0.5,deterministic
658,1.0,-1.0,-1.0,-1.0,1.0,deterministic
659,1.5,-1.5,-1.5,-1.5,1.5,deterministic
660,2.0,-2.0,-2.0,-2.0,2.0,deterministic
661,0.5,-0.5,-0.5,0.0,-0.5,deterministic
662,1.0,-1.0,-1.0,0.0,-1.0,deterministic
663,1.5,-1.5,-1.5,0.0,-1.5,deterministic
664,2.0,-2.0,-2.0,0.0,-2.0,deterministic
665,0.5,-0.5,-0.5,0.0,0.0,deterministic
666,1.0,-1.0,-1.0,0.0,0.0,deterministic
667,1.5,-1.5,-1.5,0.0,0.0,deterministic
668,2.0,-2.0,-2.0,0.0,0.0,deterministic
669,0.5,-0.5,-0.5,0.0,0.5,deterministic
670,1.0,-1.0,-1.0,0.0,1.0,deterministic
671,1.5,-1.5,-1.5,0.0,1.5,deterministic
672,2.0,-2.0,-2.0,0.0,2.0,deterministic
673,0.5,-0.5,-0.5,0.5,-0.5,deterministic
674,1.0,-1.0,-1.0,1.0,-1.0,deterministic
675,1.5,-1.5,-1.5,1.5,-1.5,deterministic
676,2.0,-2.0,-2.0,2.0,-2.0,deterministic
677,0.5,-0.5,-0.5,0.5,0.0,deterministic
678,1.0,-1.0,-1.0,1.0,0.0,deterministic
679,1.5,-1.5,-1.5,1.5,0.0,deterministic
680,2.0,-2.0,-2.0,2.0,0.0,deterministic
681,0.5,-0.5,-0.5,0.5,0.5,deterministic
682,1.0,-1.0,-1.0,1.0,1.0,deterministic
683,1.5,-1.5,-1.5,1.5,1.5,deterministic
684,2.0,-2.0,-2.0,2.0,2.0,deterministic
685,0.5,-0.5,0.0,-0.5,-0.5,deterministic
686,1.0,-1.0,0.0,-1.0,-1.0,deterministic
687,1.5,-1.5,0.0,-1.5,-1.5,deterministic
688,2.0,-2.0,0.0,-2.0,-2.0,deterministic
689,0.5,-0.5,0.0,-0.5,0.0,deterministic
690,1.0,-1.0,0.0,-1.0,0.0,deterministic
691,1.5,-1.5,0.0,-1.5,0.0,deterministic
692,2.0,-2.0,0.0,-2.0,0.0,deterministic
693,0.5,-0.5,0.0,-0.5,0.5,deterministic
694,1.0,-1.0,0.0,-1.0,1.0,deterministic
695,1.5,-1.5,0.0,-1.5,1.5,deterministic
696,2.0,-2.0,0.0,-2.0,2.0,deterministic
697,0.5,-0.5,0.0,0.0,-0.5,deterministic
698,1.0,-1.0,0.0,0.0,-1.0,deterministic
699,1.5,-1.5,0.0,0.0,-1.5,deterministic
700,2.0,-2.0,0.0,0.0,-2.0,deterministic
701,0.5,-0.5,0.0,0.0,0.0,deterministic
702,1.0,-1.0,0.0,0.0,0.0,deterministic
703,1.5,-1.5,0.0,0.0,0.0,deterministic
704,2.0,-2.0,0.0,0.0,0.0,deterministic
705,0.5,-0.5,0.0,0.0,0.5,deterministic
706,1.0,-1.0,0.0,0.0,1.0,deterministic
707,1.5,-1.5,0.0,0.0,1.5,deterministic
708,2.0,-2.0,0.0,0.0,2.0,deterministic
709,0.5,-0.5,0.0,0.5,-0.5,deterministic
710,1.0,-1.0,0.0,1.0,-1.0,deterministic
711,1.5,-1.5,0.0,1.5,-1.5,deterministic
712,2.0,-2.0,0.0,2.0,-2.0,deterministic
713,0.5,-0.5,0.0,0.5,0.0,deterministic
714,1.0,-1.0,0.0,1.0,0.0,deterministic
715,1.5,-1.5,0.0,1.5,0.0,deterministic
716,2.0,-2.0,0.0,2.0,0.0,deterministic
717,0.5,-0.5,0.0,0.5,0.5,deterministic
718,1.0,-1.0,0.0,1.0,1.0,deterministic
719,1.5,-1.5,0.0,1.5,1.5,deterministic
720,2.0,-2.0,0.0,2.0,2.0,deterministic
721,0.5,-0.5,0.5,-0.5,-0.5,deterministic
722,1.0,-1.0,1.0,-1.0,-1.0,deterministic
723,1.5,-1.5,1.5,-1.5,-1.5,deterministic
724,2.0,-2.0,2.0,-2.0,-2.0,deterministic
725,0.5,-0.5,0.5,-0.5,0.0,deterministic
726,1.0,-1.0,1.0,-1.0,0.0,deterministic
727,1.5,-1.5,1.5,-1.5,0.0,deterministic
728,2.0,-2.0,2.0,-2.0,0.0,deterministic
729,0.5,-0.5,0.5,-0.5,0.5,deterministic
730,1.0,-1.0,1.0,-1.0,1.0,deterministic
731,1.5,-1.5,1.5,-1.5,1.5,deterministic
732,2.0,-2.0,2.0,-2.0,2.0,deterministic
733,0.5,-0.5,0.5,0.0,-0.5,deterministic
734,1.0,-1.0,1.0,0.0,-1.0,deterministic
735,1.5,-1.5,1.5,0.0,-1.5,deterministic
736,2.0,-2.0,2.0,0.0,-2.0,deterministic
737,0.5,-0.5,0.5,0.0,0.0,deterministic
738,1.0,-1.0,1.0,0.0,0.0,deterministic
739,1.5,-1.5,1.5,0.0,0.0,deterministic
740,2.0,-2.0,2.0,0.0,0.0,deterministic
741,0.5,-0.5,0.5,0.0,0.5,deterministic
742,1.0,-1.0,1.0,0.0,1.0,deterministic
743,1.5,-1.5,1.5,0.0,1.5,deterministic
744,2.0,-2.0,2.0,0.0,2.0,deterministic
745,0.5,-0.5,0.5,0.5,-0.5,deterministic
746,1.0,-1.0,1.0,1.0,-1.0,deterministic
747,1.5,-1.5,1.5,1.5,-1.5,deterministic
748,2.0,-2.0,2.0,2.0,-2.0,deterministic
749,0.5,-0.5,0.5,0.5,0.0,deterministic
750,1.0,-1.0,1.0,1.0,0.0,deterministic
751,1.5,-1.5,1.5,1.5,0.0,deterministic
752,2.0,-2.0,2.0,2.0,0.0,deterministic
753,0.5,-0.5,0.5,0.5,0.5,deterministic
754,1.0,-1.0,1.0,1.0,1.0,deterministic
755,1.5,-1.5,1.5,1.5,1.5,deterministic
756,2.0,-2.0,2.0,2.0,2.0,deterministic
757,0.5,0.0,-0.5,-0.5,-0.5,deterministic
758,1.0,0.0,-1.0,-1.0,-1.0,deterministic
759,1.5,0.0,-1.5,-1.5,-1.5,deterministic
760,2.0,0.0,-2.0,-2.0,-2.0,deterministic
761,0.5,0.0,-0.5,-0.5,0.0,deterministic
762,1.0,0.0,-1.0,-1.0,0.0,deterministic
763,1.5,0.0,-1.5,-1.5,0.0,deterministic
764,2.0,0.0,-2.0,-2.0,0.0,deterministic
765,0.5,0.0,-0.5,-0.5,0.5,deterministic
766,1.0,0.0,-1.0,-1.0,1.0,deterministic
767,1.5,0.0,-1.5,-1.5,1.5,deterministic
768,2.0,0.0,-2.0,-2.0,2.0,deterministic
769,0.5,0.0,-0.5,0.0,-0.5,deterministic
770,1.0,0.0,-1.0,0.0,-1.0,deterministic
771,1.5,0.0,-1.5,0.0,-1.5,deterministic
772,2.0,0.0,-2.0,0.0,-2.0,deterministic
773,0.5,0.0,-0.5,0.0,0.0,deterministic
774,1.0,0.0,-1.0,0.0,0.0,deterministic
775,1.5,0.0,-1.5,0.0,0.0,deterministic
776,2.0,0.0,-2.0,0.0,0.0,deterministic
777,0.5,0.0,-0.5,0.0,0.5,deterministic
778,1.0,0.0,-1.0,0.0,1.0,deterministic
779,1.5,0.0,-1.5,0.0,1.5,deterministic
780,2.0,0.0,-2.0,0.0,2.0,deterministic
781,0.5,0.0,-0.5,0.5,-0.5,deterministic
782,1.0,0.0,-1.0,1.0,-1.0,deterministic
783,1.5,0.0,-1.5,1.5,-1.5,deterministic
784,2.0,0.0,-2.0,2.0,-2.0,deterministic
785,0.5,0.0,-0.5,0.5,0.0,deterministic
786,1.0,0.0,-1.0,1.0,0.0,deterministic
787,1.5,0.0,-1.5,1.5,0.0,deterministic
788,2.0,0.0,-2.0,2.0,0.0,deterministic
789,0.5,0.0,-0.5,0.5,0.5,deterministic
790,1.0,0.0,-1.0,1.0,1.0,deterministic
791,1.5,0.0,-1.5,1.5,1.5,deterministic
792,2.0,0.0,-2.0,2.0,2.0,deterministic
793,0.5,0.0,0.0,-0.5,-0.5,deterministic
794,1.0,0.0,0.0,-1.0,-1.0,deterministic
795,1.5,0.0,0.0,-1.5,-1.5,deterministic
796,2.0,0.0,0.0,-2.0,-2.0,deterministic
797,0.5,0.0,0.0,-0.5,0.0,deterministic
798,1.0,0.0,0.0,-1.0,0.0,deterministic
799,1.5,0.0,0.0,-1.5,0.0,deterministic
800,2.0,0.0,0.0,-2.0,0.0,deterministic
801,0.5,0.0,0.0,-0.5,0.5,deterministic
802,1.0,0.0,0.0,-1.0,1.0,deterministic
803,1.5,0.0,0.0,-1.5,1.5,deterministic
804,2.0,0.0,0.0,-2.0,2.0,deterministic
805,0.5,0.0,0.0,0.0,-0.5,deterministic
806,1.0,0.0,0.0,0.0,-1.0,deterministic
807,1.5,0.0,0.0,0.0,-1.5,deterministic
808,2.0,0.0,0.0,0.0,-2.0,deterministic
809,0.5,0.0,0.0,0.0,0.0,deterministic
810,1.0,0.0,0.0,0.0,0.0,deterministic
811,1.5,0.0,0.0,0.0,0.0,deterministic
812,2.0,0.0,0.0,0.0,0.0,deterministic
813,0.5,0.0,0.0,0.0,0.5,deterministic
814,1.0,0.0,0.0,0.0,1.0,deterministic
815,1.5,0.0,0.0,0.0,1.5,deterministic
816,2.0,0.0,0.0,0.0,2.0,deterministic
817,0.5,0.0,0.0,0.5,-0.5,deterministic
818,1.0,0.0,0.0,1.0,-1.0,deterministic
819,1.5,0.0,0.0,1.5,-1.5,deterministic
820,2.0,0.0,0.0,2.0,-2.0,deterministic
821,0.5,0.0,0.0,0.5,0.0,deterministic
822,1.0,0.0,0.0,1.0,0.0,deterministic
823,1.5,0.0,0.0,1.5,0.0,deterministic
824,2.0,0.0,0.0,2.0,0.0,deterministic
825,0.5,0.0,0.0,0.5,0.5,deterministic
826,1.0,0.0,0.0,1.0,1.0,deterministic
827,1.5,0.0,0.0,1.5,1.5,deterministic
828,2.0,0.0,0.0,2.0,2.0,deterministic
829,0.5,0.0,0.5,-0.5,-0.5,deterministic
830,1.0,0.0,1.0,-1.0,-1.0,deterministic
831,1.5,0.0,1.5,-1.5,-1.5,deterministic
832,2.0,0.0,2.0,-2.0,-2.0,deterministic
833,0.5,0.0,0.5,-0.5,0.0,deterministic
834,1.0,0.0,1.0,-1.0,0.0,deterministic
835,1.5,0.0,1.5,-1.5,0.0,deterministic
836,2.0,0.0,2.0,-2.0,0.0,deterministic
837,0.5,0.0,0.5,-0.5,0.5,deterministic
838,1.0,0.0,1.0,-1.0,1.0,deterministic
839,1.5,0.0,1.5,-1.5,1.5,deterministic
840,2.0,0.0,2.0,-2.0,2.0,deterministic
841,0.5,0.0,0.5,0.0,-0.5,deterministic
842,1.0,0.0,1.0,0.0,-1.0,deterministic
843,1.5,0.0,1.5,0.0,-1.5,deterministic
844,2.0,0.0,2.0,0.0,-2.0,deterministic
845,0.5,0.0,0.5,0.0,0.0,deterministic
846,1.0,0.0,1.0,0.0,0.0,deterministic
847,1.5,0.0,1.5,0.0,0.0,deterministic
848,2.0,0.0,2.0,0.0,0.0,deterministic
849,0.5,0.0,0.5,0.0,0.5,deterministic
850,1.0,0.0,1.0,0.0,1.0,deterministic
851,1.5,0.0,1.5,0.0,1.5,deterministic
852,2.0,0.0,2.0,0.0,2.0,deterministic
853,0.5,0.0,0.5,0.5,-0.5,deterministic
854,1.0,0.0,1.0,1.0,-1.0,deterministic
855,1.5,0.0,1.5,1.5,-1.5,deterministic
856,2.0,0.0,2.0,2.0,-2.0,deterministic
857,0.5,0.0,0.5,0.5,0.0,deterministic
858,1.0,0.0,1.0,1.0,0.0,deterministic
859,1.5,0.0,1.5,1.5,0.0,deterministic
860,2.0,0.0,2.0,2.0,0.0,deterministic
861,0.5,0.0,0.5,0.5,0.5,deterministic
862,1.0,0.0,1.0,1.0,1.0,deterministic
863,1.5,0.0,1.5,1.5,1.5,deterministic
864,2.0,0.0,2.0,2.0,2.0,deterministic
865,0.5,0.5,-0.5,-0.5,-0.5,deterministic
866,1.0,1.0,-1.0,-1.0,-1.0,deterministic
867,1.5,1.5,-1.5,-1.5,-1.5,deterministic
868,2.0,2.0,-2.0,-2.0,-2.0,deterministic
869,0.5,0.5,-0.5,-0.5,0.0,deterministic
870,1.0,1.0,-1.0,-1.0,0.0,deterministic
871,1.5,1.5,-1.5,-1.5,0.0,deterministic
872,2.0,2.0,-2.0,-2.0,0.0,deterministic
873,0.5,0.5,-0.5,-0.5,0.5,deterministic
874,1.0,1.0,-1.0,-1.0,1.0,deterministic
875,1.5,1.5,-1.5,-1.5,1.5,deterministic
876,2.0,2.0,-2.0,-2.0,2.0,deterministic
877,0.5,0.5,-0.5,0.0,-0.5,deterministic
878,1.0,1.0,-1.0,0.0,-1.0,deterministic
879,1.5,1.5,-1.5,0.0,-1.5,deterministic
880,2.0,2.0,-2.0,0.0,-2.0,deterministic
881,0.5,0.5,-0.5,0.0,0.0,deterministic
882,1.0,1.0,-1.0,0.0,0.0,deterministic
883,1.5,1.5,-1.5,0.0,0.0,deterministic
884,2.0,2.0,-2.0,0.0,0.0,deterministic
885,0.5,0.5,-0.5,0.0,0.5,deterministic
886,1.0,1.0,-1.0,0.0,1.0,deterministic
887,1.5,1.5,-1.5,0.0,1.5,deterministic
888,2.0,2.0,-2.0,0.0,2.0,deterministic
889,0.5,0.5,-0.5,0.5,-0.5,deterministic
890,1.0,1.0,-1.0,1.0,-1.0,deterministic
891,1.5,1.5,-1.5,1.5,-1.5,deterministic
892,2.0,2.0,-2.0,2.0,-2.0,deterministic
893,0.5,0.5,-0.5,0.5,0.0,deterministic
894,1.0,1.0,-1.0,1.0,0.0,deterministic
895,1.5,1.5,-1.5,1.5,0.0,deterministic
896,2.0,2.0,-2.0,2.0,0.0,deterministic
897,0.5,0.5,-0.5,0.5,0.5,deterministic
898,1.0,1.0,-1.0,1.0,1.0,deterministic
899,1.5,1.5,-1.5,1.5,1.5,deterministic
900,2.0,2.0,-2.0,2.0,2.0,deterministic
901,0.5,0.5,0.0,-0.5,-0.5,deterministic
902,1.0,1.0,0.0,-1.0,-1.0,deterministic
903,1.5,1.5,0.0,-1.5,-1.5,deterministic
904,2.0,2.0,0.0,-2.0,-2.0,deterministic
905,0.5,0.5,0.0,-0.5,0.0,deterministic
906,1.0,1.0,0.0,-1.0,0.0,deterministic
907,1.5,1.5,0.0,-1.5,0.0,deterministic
908,2.0,2.0,0.0,-2.0,0.0,deterministic
909,0.5,0.5,0.0,-0.5,0.5,deterministic
910,1.0,1.0,0.0,-1.0,1.0,deterministic
911,1.5,1.5,0.0,-1.5,1.5,deterministic
912,2.0,2.0,0.0,-2.0,2.0,deterministic
913,0.5,0.5,0.0,0.0,-0.5,deterministic
914,1.0,1.0,0.0,0.0,-1.0,deterministic
915,1.5,1.5,0.0,0.0,-1.5,deterministic
916,2.0,2.0,0.0,0.0,-2.0,deterministic
917,0.5,0.5,0.0,0.0,0.0,deterministic
918,1.0,1.0,0.0,0.0,0.0,deterministic
919,1.5,1.5,0.0,0.0,0.0,deterministic
920,2.0,2.0,0.0,0.0,0.0,deterministic
921,0.5,0.5,0.0,0.0,0.5,deterministic
922,1.0,1.0,0.0,0.0,1.0,deterministic
923,1.5,1.5,0.0,0.0,1.5,deterministic
924,2.0,2.0,0.0,0.0,2.0,deterministic
925,0.5,0.5,0.0,0.5,-0.5,deterministic
926,1.0,1.0,0.0,1.0,-1.0,deterministic
927,1.5,1.5,0.0,1.5,-1.5,deterministic
928,2.0,2.0,0.0,2.0,-2.0,deterministic
929,0.5,0.5,0.0,0.5,0.0,deterministic
930,1.0,1.0,0.0,1.0,0.0,deterministic
931,1.5,1.5,0.0,1.5,0.0,deterministic
932,2.0,2.0,0.0,2.0,0.0,deterministic
933,0.5,0.5,0.0,0.5,0.5,deterministic
934,1.0,1.0,0.0,1.0,1.0,deterministic
935,1.5,1.5,0.0,1.5,1.5,deterministic
936,2.0,2.0,0.0,2.0,2.0,deterministic
937,0.5,0.5,0.5,-0.5,-0.5,deterministic
938,1.0,1.0,1.0,-1.0,-1.0,deterministic
939,1.5,1.5,1.5,-1.5,-1.5,deterministic
940,2.0,2.0,2.0,-2.0,-2.0,deterministic
941,0.5,0.5,0.5,-0.5,0.0,deterministic
942,1.0,1.0,1.0,-1.0,0.0,deterministic
943,1.5,1.5,1.5,-1.5,0.0,deterministic
944,2.0,2.0,2.0,-2.0,0.0,deterministic
945,0.5,0.5,0.5,-0.5,0.5,deterministic
946,1.0,1.0,1.0,-1.0,1.0,deterministic
947,1.5,1.5,1.5,-1.5,1.5,deterministic
948,2.0,2.0,2.0,-2.0,2.0,deterministic
949,0.5,0.5,0.5,0.0,-0.5,deterministic
950,1.0,1.0,1.0,0.0,-1.0,deterministic
951,1.5,1.5,1.5,0.0,-1.5,deterministic
952,2.0,2.0,2.0,0.0,-2.0,deterministic
953,0.5,0.5,0.5,0.0,0.0,deterministic
954,1.0,1.0,1.0,0.0,0.0,deterministic
955,1.5,1.5,1.5,0.0,0.0,deterministic
956,2.0,2.0,2.0,0.0,0.0,deterministic
957,0.5,0.5,0.5,0.0,0.5,deterministic
958,1.0,1.0,1.0,0.0,1.0,deterministic
959,1.5,1.5,1.5,0.0,1.5,deterministic
960,2.0,2.0,2.0,0.0,2.0,deterministic
961,0.5,0.5,0.5,0.5,-0.5,deterministic
962,1.0,1.0,1.0,1.0,-1.0,deterministic
963,1.5,1.5,1.5,1.5,-1.5,deterministic
964,2.0,2.0,2.0,2.0,-2.0,deterministic
965,0.5,0.5,0.5,0.5,0.0,deterministic
966,1.0,1.0,1.0,1.0,0.0,deterministic
967,1.5,1.5,1.5,1.5,0.0,deterministic
968,2.0,2.0,2.0,2.0,0.0,deterministic
969,0.5,0.5,0.5,0.5,0.5,deterministic
970,1.0,1.0,1.0,1.0,1.0,deterministic
971,1.5,1.5,1.5,1.5,1.5,deterministic
972,2.0,2.0,2.0,2.0,2.0,deterministic
